_ROSJMqMbEeSesPsi6M2VZQ,initiatorId,initiatorId,ID
_8xdtPl9iEeS3Z9uJDm7q2A,initiatorContactType,initiatorContactType,Initiator Contact Type
_6Wbntl6-EeSOUIwM-iCwSg,existingInitiatorName,existingInitiatorName,Name
_E6s3tl6_EeSOUIwM-iCwSg,existingInitiatorValue,existingInitiatorValue,Any Contact Value
_OWvUXl6_EeSOUIwM-iCwSg,existingInitiatorResult,existingInitiatorResult,Results:
_WKWEJmArEeS8EYOlNJuJaQ,existingInitiatorResultData,existingInitiatorResultData,Existing Initiator Result Data
_lm4s1mA6EeS8EYOlNJuJaQ,existingInitiatorResultPage,existingInitiatorResultPage,Existing Initiator Result Page
_rpDDlmA6EeS8EYOlNJuJaQ,existingInitiatorResultPages,existingInitiatorResultPages,Existing Initiator Result Pages
_oyE80mBCEeS8EYOlNJuJaQ,existingInitiatorResultRows,existingInitiatorResultRows,Existing Initiator Result Rows
_V3Ym5mBiEeS8EYOlNJuJaQ,existingInitiatorTotalRows,existingInitiatorTotalRows,Existing Initiator Total Rows
_PWpYuS4YEeSIE4bW0vSJIA,initiatorTitle,initiatorTitle,Title
_PWpYxS4YEeSIE4bW0vSJIA,initiatorAnonymous,initiatorAnonymous,Anonymous
_PWpYzy4YEeSIE4bW0vSJIA,initiatorFirstName,initiatorFirstName,First Name
_PWpY0y4YEeSIE4bW0vSJIA,initiatorLastName,initiatorLastName,Last Name
_PWpY1y4YEeSIE4bW0vSJIA,initiatorType,initiatorType,Contact Type
_AtoH5k07EeSDsN1FMDCkSQ,rta_html_holder_initiator_desc,rta_html_holder_initiator_desc,rta_html_holder
_roJY5qMbEeSesPsi6M2VZQ,initiatorDeviceId,initiatorDeviceId,ID
_PWpY7S4YEeSIE4bW0vSJIA,initiatorDeviceType,initiatorDeviceType,Type
_PWpY-S4YEeSIE4bW0vSJIA,initiatorDeviceValue,initiatorDeviceValue,Value
_PWpY_S4YEeSIE4bW0vSJIA,initiatorDeviceDate,initiatorDeviceDate,Date Added
_PWpZAS4YEeSIE4bW0vSJIA,initiatorDeviceAddedBy,initiatorDeviceAddedBy,Added By
_1qyihqMbEeSesPsi6M2VZQ,initiatorOrganizationId,initiatorOrganizationId,ID
_PWpZCy4YEeSIE4bW0vSJIA,initiatorOrganizationType,initiatorOrganizationType,Type
_PWpZFy4YEeSIE4bW0vSJIA,initiatorOrganizationName,initiatorOrganizationName,Name
_PWpZGy4YEeSIE4bW0vSJIA,initiatorOrganizationDate,initiatorOrganizationDate,Date Added
_PWpZHy4YEeSIE4bW0vSJIA,initiatorOrganizationAddedBy,initiatorOrganizationAddedBy,Added By
_qMSpcaMcEeSesPsi6M2VZQ,initiatorLocationId,initiatorLocationId,ID
_PWpZKS4YEeSIE4bW0vSJIA,initiatorLocationType,initiatorLocationType,Type
_PWpZNS4YEeSIE4bW0vSJIA,initiatorLocationAddress,initiatorLocationAddress,Address
_PWpZOS4YEeSIE4bW0vSJIA,initiatorLocationCity,initiatorLocationCity,City
_PWpZPS4YEeSIE4bW0vSJIA,initiatorLocationState,initiatorLocationState,State
_PWpZQS4YEeSIE4bW0vSJIA,initiatorlocationZip,initiatorlocationZip,Zip Code
_PWpZRS4YEeSIE4bW0vSJIA,initiatorLocationDate,initiatorLocationDate,Date Added
_PWpZSS4YEeSIE4bW0vSJIA,initiatorLocationAddedBy,initiatorLocationAddedBy,Added By
_wzp_BqMcEeSesPsi6M2VZQ,initiatorAliasId,initiatorAliasId,ID
_PWpZUy4YEeSIE4bW0vSJIA,initiatorAliasType,initiatorAliasType,Type
_PWpZXy4YEeSIE4bW0vSJIA,initiatorAliasValue,initiatorAliasValue,Value
_PWpZYy4YEeSIE4bW0vSJIA,initiatorAliasDate,initiatorAliasDate,Date Added
_PWpZZy4YEeSIE4bW0vSJIA,initiatorAliasAddedBy,initiatorAliasAddedBy,Added By
_JBKrdU07EeSDsN1FMDCkSQ,rta_html_holder_initiator_notes,rta_html_holder_initiator_notes,rta_html_holder
_uh_B4aMdEeSesPsi6M2VZQ,complaintId,complaintId,ID
_v1vs3i4OEeSIE4bW0vSJIA,category,category,Incident Category
_cONP1jhyEeSHDING8E1KWA,complaintNumber,complaintNumber,Complaint Number
_DOMINi4PEeSIE4bW0vSJIA,complaintTitle,complaintTitle,Complaint Title
_QK1AOU08EeSDsN1FMDCkSQ,rta_html_holder_complaint_desc,rta_html_holder_complaint_desc,rta_html_holder
_MCxjTi4PEeSIE4bW0vSJIA,priority,priority,Priority
_RmlKFi4PEeSIE4bW0vSJIA,incidentDate,incidentDate,Incident Date
_WjqvJi4PEeSIE4bW0vSJIA,complaintTag,complaintTag,Complaint Tag
_bWwqvi4PEeSIE4bW0vSJIA,frequency,frequency,Frequency
_zMtEkaMdEeSesPsi6M2VZQ,locationId,locationId,ID
_yKteLlkFEeS7x5wIIvtXsA,locationType,locationType,Type
_IBPsk1kGEeS7x5wIIvtXsA,locationAddress,locationAddress,Address
_NE1iRVkGEeS7x5wIIvtXsA,locationCity,locationCity,City
_QpcRdlkGEeS7x5wIIvtXsA,locationState,locationState,State
_qGukIVkGEeS7x5wIIvtXsA,locationZip,locationZip,Zip Code
_3CeB0VkGEeS7x5wIIvtXsA,locationDate,locationDate,Date Added
_7NoatlkGEeS7x5wIIvtXsA,locationAddedBy,locationAddedBy,Added By
_blGAcaMlEeSNa5ObfUsffw,peopleId,peopleId,ID
_P90zDC4rEeSIE4bW0vSJIA,peopleTitle,peopleTitle,Title
_P90zGC4rEeSIE4bW0vSJIA,peopleAnonymous,peopleAnonymous,Anonymous
_P90zIi4rEeSIE4bW0vSJIA,peopleFirstName,peopleFirstName,First Name
_P90zJi4rEeSIE4bW0vSJIA,peopleLastName,peopleLastName,Last Name
_P90zKi4rEeSIE4bW0vSJIA,peopleType,peopleType,Contact Type
_fpSnhU0-EeSDsN1FMDCkSQ,rta_html_holder_people_desc,rta_html_holder_people_desc,rta_html_holder
_qCjvlaMlEeSNa5ObfUsffw,peopleDeviceId,peopleDeviceId,ID
_P90zQC4rEeSIE4bW0vSJIA,peopleDeviceType,peopleDeviceType,Type
_P90zTC4rEeSIE4bW0vSJIA,peopleDeviceValue,peopleDeviceValue,Value
_P90zUC4rEeSIE4bW0vSJIA,peopleDeviceDate,peopleDeviceDate,Date Added
_P90zVC4rEeSIE4bW0vSJIA,peopleDeviceAddedBy,peopleDeviceAddedBy,Added By
_nColUaMmEeSNa5ObfUsffw,peopleOrganizationId,peopleOrganizationId,ID
_P90zXi4rEeSIE4bW0vSJIA,peopleOrganizationType,peopleOrganizationType,Type
_P90zai4rEeSIE4bW0vSJIA,peopleOrganizationName,peopleOrganizationName,Name
_P90zbi4rEeSIE4bW0vSJIA,peopleOrganizationDate,peopleOrganizationDate,Date Added
_P90zci4rEeSIE4bW0vSJIA,peopleOrganizationAddedBy,peopleOrganizationAddedBy,Added By
_yBOZ1qMmEeSNa5ObfUsffw,peopleLocationId,peopleLocationId,ID
_P90zfC4rEeSIE4bW0vSJIA,peopleLocationType,peopleLocationType,Type
_P90ziC4rEeSIE4bW0vSJIA,peopleLocationAddress,peopleLocationAddress,Address
_P90zjC4rEeSIE4bW0vSJIA,peopleLocationCity,peopleLocationCity,City
_P90zkC4rEeSIE4bW0vSJIA,peopleLocationState,peopleLocationState,State
_P90zlC4rEeSIE4bW0vSJIA,peopleLocationZipCode,peopleLocationZipCode,Zip Code
_P90zmC4rEeSIE4bW0vSJIA,peopleLocationDate,peopleLocationDate,Date Added
_P90znC4rEeSIE4bW0vSJIA,peopleLocationAddedBy,peopleLocationAddedBy,Added By
_8EWElqMmEeSNa5ObfUsffw,peopleAliasId,peopleAliasId,ID
_P91Z5y4rEeSIE4bW0vSJIA,peopleAliasType,peopleAliasType,Type
_P91Z8y4rEeSIE4bW0vSJIA,peopleAliasValue,peopleAliasValue,Value
_P91Z9y4rEeSIE4bW0vSJIA,peopleAliasDate,peopleAliasDate,Date Added
_P91Z-y4rEeSIE4bW0vSJIA,peopleAliasAddedBy,peopleAliasAddedBy,Added By
_hG4KTU0_EeSDsN1FMDCkSQ,rta_html_holder_people_notes,rta_html_holder_people_notes,rta_html_holder
_EV5Mti73EeS5l-bMPzqvwA,NumberOfPeople,NumberOfPeople,Number Of People
_k-Vzhi4QEeSIE4bW0vSJIA,UploadFiles,UploadFiles,Upload your files ...
_ZCetQehaEeSul7ZEQD0VpQ,owningGroupId,owningGroupId,ID
_ZCetRehaEeSul7ZEQD0VpQ,owningGroupType,owningGroupType,Owning Group Type
_ZCetSehaEeSul7ZEQD0VpQ,owningGroupValue,owningGroupValue,Select Group
_uBgr5OhaEeSul7ZEQD0VpQ,acmTicket,acmTicket,Acm Ticket
_uBgr6OhaEeSul7ZEQD0VpQ,acmUrl,acmUrl,Acm Url
_VNd0Do0AEeSP2uDXYToY5Q,participantType,participantType,Select Participant Type
_WMlr1uhfEeSul7ZEQD0VpQ,participantPrivilegeType,participantPrivilegeType,Participant Privilege Type
_d9E-5uhaEeSul7ZEQD0VpQ,participant,participant,Participant Id
_hqVTxuhaEeSul7ZEQD0VpQ,participantName,participantName,Select Participant
_3QZF1jUnEeSU997ISXcxwA,acm_ticket,acm_ticket,Acm Ticket
_6d4HljnfEeSjTrBIsoKK0g,serviceBaseUrl,serviceBaseUrl,Service Base Url
_62FahT81EeSAMZbyjpDCQQ,initData,initData,Init Data
_CBDjBtovEeSTrNbyeCZH8g,participantsData,participantsData,Participants Data
_muqPly0pEeSFlNf7woxO7w,Submit,Submit,Submit
_muqPmS0pEeSFlNf7woxO7w,Cancel,Cancel,Cancel
